Boroughs,Neighborhoods
Allston and Brighton,Allston Village
Allston and Brighton,Brighton Center
Allston and Brighton,Chestnut Hill 
Allston and Brighton,Cleveland Circle
Allston and Brighton,Harvard Stadium/Charlesview
Allston and Brighton,Union Square
Allston and Brighton,Oak Square
Allston and Brighton,Faneuil Square
Allston and Brighton,Brighton Mills
Allston and Brighton,Lower Allston
Allston and Brighton,North Brighton
Allston and Brighton,Packard's Corner
Allston and Brighton,Soldier's Field
Back Bay,Copley Square/Boston Public Library
Back Bay,Commonwealth Avenue Mall
Back Bay,Newbury Street
Bay Village,Bay Village
Beacon Hill,Louisburg Square
Beacon Hill,Massachusetts State House
Charlestown,Bunker Hill
Charlestown,The Neck
Charlestown,The Navy Yard
Charlestown,Hayes Square
Charlestown,City Square
Charlestown,Thompson Square
Charlestown,Sullivan Square
Chinatown,Chinatown
Dorchester,Adams Corner/Adams Village
Dorchester,Ashmont 
Dorchester,Columbia Point/Harbor Point
Dorchester,Cedar Grove
Dorchester,Fields Corner
Dorchester,Franklin Field
Dorchester,Grove Hall
Dorchester,Lower Mills
Dorchester,Jones Hill
Dorchester,Meeting House Hill
Dorchester,Neponset
Dorchester,Polish Triangle
Dorchester,Popes Hill
Dorchester,Port Norfolk
Dorchester,Savin Hill
Dorchester,Uphams Corner
Downtown Boston,Bulfinch Triangle
Downtown Boston,Combat Zone
Downtown Boston,Downtown Crossing/Ladder District
Downtown Boston,Fort Hill Square
Downtown Boston,Government Center
Downtown Boston,Haymarket Square
Downtown Boston,Post Office Square
Downtown Boston,South Station
Downtown Boston,Boston Theater District
Downtown Boston,Waterfront
East Boston,Eagle Hill
East Boston,Jeffries Point
East Boston,Orient Heights
East Boston,Central Square
East Boston,Day Square
East Boston,Maverick Square
East Boston,Boston Logan International Airport
East Boston,Ted Williams Tunnel
East Boston,Callahan Tunnel
East Boston,Sumner Tunnel
East Boston,Suffolk Downs
Fenway/Kenmore,Audubon Circle
Fenway/Kenmore,Back Bay Fens
Fenway/Kenmore,Kenmore Square
Fenway/Kenmore,Boston University (extends into Allston)
Fenway/Kenmore,Longwood Medical Area 
Fenway/Kenmore,Lansdowne Street/Fenway Park
Hyde Park,Readville
Hyde Park,Fairmount Hill
Hyde Park,Sunnyside
Jamaica Plain,Hyde Square
Jamaica Plain,Forest Hills/Woodbourne
Jamaica Plain,Moss Hill
Mattapan,Wellington Hill
Mattapan,Mattapan Square
Mid Dorchester,Bowdoin-Geneva
Mid Dorchester,Codman Square
Mid Dorchester,Four Corners
Mission Hill,Brigham Circle
Mission Hill,Back of the Hill
Mission Hill,Parker Hill
North End,Ann Street (North Street)
North End,Hanover Street
Roslindale,Roslindale Square
Roxbury,Dudley Square
Roxbury,Egleston Square
Roxbury,Fort Hill
Roxbury,Franklin Park 
Roxbury,Roxbury Crossing
South Boston,Andrew Square
South Boston,D Street
South Boston,Dorchester Heights
South Boston,Fort Point
South Boston,South Boston Waterfront/Seaport District
South Boston,City Point
South End,South of Washington
West End,Charles Street
West End,North Station/TD Garden
West End,Massachusetts General Hospital
West Roxbury,Chestnut Hill
West Roxbury,Parkway
